className,first_name,last_name,email,gender
Databases,Annabella,Chatenier,achatenier0@hud.gov,Female
Math101,Tommie,Jerzak,tjerzak1@naver.com,Female
Databases,Edlin,Lyttle,elyttle2@liveinternet.ru,Male
Calculus,Caryl,McPhelimy,cmcphelimy3@plala.or.jp,Male
Databases,Carry,Patridge,cpatridge4@sakura.ne.jp,Female
Math101,Hogan,Bernet,hbernet5@miitbeian.gov.cn,Male
Math101,Kameko,Grichukhanov,kgrichukhanov6@over-blog.com,Female
Databases,Jerry,Greatrakes,jgreatrakes7@yahoo.co.jp,Male
Calculus,Annaliese,Bricksey,abricksey8@virginia.edu,Female
Math101,Danielle,Craighill,dcraighill9@businessweek.com,Female
Databases,Gay,Suggett,gsuggetta@patch.com,Male
Math101,Kerry,Glencros,kglencrosb@hp.com,Female
Calculus,Waverly,Robinett,wrobinettc@behance.net,Male
Calculus,Arron,Boow,aboowd@japanpost.jp,Male
Web Development,Caesar,Shepperd,cshepperde@google.com.au,Bigender
Web Development,Sigmund,Coultous,scoultousf@fc2.com,Male
Databases,Chris,Grigoriscu,cgrigoriscug@over-blog.com,Male
Databases,Lauralee,Cardo,lcardoh@chicagotribune.com,Female
Calculus,Annelise,Testro,atestroi@tumblr.com,Female
Math101,Kristos,Pollington,kpollingtonj@symantec.com,Male
Math101,Dilly,Rubenchik,drubenchikk@tmall.com,Male
Math101,Boigie,Welberry,bwelberryl@vkontakte.ru,Male
Databases,Matthaeus,Murr,mmurrm@hubpages.com,Male
Web Development,Trude,Dono,tdonon@cbslocal.com,Female
Calculus,Margeaux,Duchesne,mduchesneo@sphinn.com,Genderfluid
Web Development,Heath,Larwell,hlarwellp@mac.com,Female
Calculus,Veda,Loudon,vloudonq@wikia.com,Female
Math101,Aksel,Kiefer,akieferr@dagondesign.com,Male
Databases,Elsinore,Webber,ewebbers@mozilla.com,Female
Web Development,Janet,Thunnercliffe,jthunnercliffet@yolasite.com,Female
Calculus,Ervin,Rimour,erimouru@wikispaces.com,Male
Databases,Whitaker,Carillo,wcarillov@studiopress.com,Male
Web Development,Kikelia,Kew,kkeww@lycos.com,Female
Web Development,Lovell,Wrathmall,lwrathmallx@sbwire.com,Male
Calculus,Joscelin,Wareing,jwareingy@go.com,Female
Web Development,Quintina,Bernt,qberntz@google.it,Female
Math101,Maiga,Entreis,mentreis10@rediff.com,Agender
Databases,Reube,Klausewitz,rklausewitz11@wufoo.com,Male
Databases,Leone,Jiroutek,ljiroutek12@elegantthemes.com,Female
Calculus,Roi,Sterzaker,rsterzaker13@cnn.com,Male
Math101,Eldridge,Casement,ecasement14@cargocollective.com,Male
Calculus,Caralie,Rodie,crodie15@addtoany.com,Female
Calculus,Rhodia,Udden,rudden16@histats.com,Non-binary
Web Development,Caron,Picton,cpicton17@issuu.com,Female
Calculus,Ram,Stather,rstather18@google.co.uk,Male
Math101,Remington,Antyukhin,rantyukhin19@icq.com,Male
Web Development,Rhody,O'Shea,roshea1a@moonfruit.com,Female
Web Development,Rahel,Bucknell,rbucknell1b@netvibes.com,Female
Calculus,Mill,Lapley,mlapley1c@soup.io,Male
Web Development,Greer,Heinrich,gheinrich1d@apple.com,Female
Web Development,Fran,Houlworth,fhoulworth1e@php.net,Female
Calculus,Ailbert,Hugle,ahugle1f@netlog.com,Male
Databases,Northrop,Colvill,ncolvill1g@independent.co.uk,Male
Databases,Giraud,Prinne,gprinne1h@nhs.uk,Male
Calculus,Martita,Figin,mfigin1i@usa.gov,Female
Calculus,Lian,Rizzotto,lrizzotto1j@army.mil,Female
Databases,Alvan,Skrines,askrines1k@histats.com,Male
Web Development,Evy,De Malchar,edemalchar1l@nbcnews.com,Female
Calculus,Vinny,Youde,vyoude1m@google.pl,Female
Calculus,Oates,Graber,ograber1n@ebay.co.uk,Male
Calculus,Dreddy,Knobell,dknobell1o@tmall.com,Female
Web Development,Whit,Sherston,wsherston1p@harvard.edu,Male
Math101,Clerissa,Fincke,cfincke1q@bandcamp.com,Female
Calculus,Traci,Stranahan,tstranahan1r@usatoday.com,Non-binary
Math101,Dalila,Derks,dderks1s@g.co,Non-binary
Databases,Bessie,Martinson,bmartinson1t@pcworld.com,Female
Math101,Florrie,MacGillavery,fmacgillavery1u@google.com.au,Female
Math101,Worden,Muckle,wmuckle1v@bluehost.com,Male
Databases,Olive,Nodes,onodes1w@macromedia.com,Female
Math101,Datha,Conklin,dconklin1x@yahoo.com,Female
Math101,Tessa,Janecek,tjanecek1y@surveymonkey.com,Female
Calculus,Titos,Pavett,tpavett1z@sitemeter.com,Genderfluid
Web Development,Ricoriki,Regnard,rregnard20@zimbio.com,Male
Databases,Davina,Reeks,dreeks21@barnesandnoble.com,Genderqueer
Databases,Amabelle,Rolfo,arolfo22@businesswire.com,Female
Calculus,Marla,Kowalik,mkowalik23@free.fr,Female
Databases,Vanna,Prendeville,vprendeville24@blog.com,Female
Calculus,Rachele,Stuart,rstuart25@usa.gov,Female
Math101,Arlyne,Burdas,aburdas26@wikimedia.org,Female
Calculus,Jimmie,Fordy,jfordy27@twitter.com,Male
Web Development,Ashil,Coryndon,acoryndon28@ebay.com,Female
Databases,Rachael,Walding,rwalding29@businessweek.com,Female
Math101,Carly,Tilmouth,ctilmouth2a@wired.com,Female
Databases,Yvette,Rorke,yrorke2b@scientificamerican.com,Female
Databases,Lena,Bruntje,lbruntje2c@barnesandnoble.com,Bigender
Web Development,Giacinta,Losbie,glosbie2d@ibm.com,Polygender
Databases,Sharona,Tower,stower2e@bizjournals.com,Female
Calculus,Justinn,Jewis,jjewis2f@cloudflare.com,Female
Databases,Anneliese,Grewe,agrewe2g@360.cn,Female
Web Development,Lionel,Sexten,lsexten2h@cdbaby.com,Male
Calculus,Donna,Dredge,ddredge2i@slideshare.net,Agender
Databases,Domenic,Cronshaw,dcronshaw2j@china.com.cn,Male
Databases,Ainsley,Sealey,asealey2k@amazon.de,Female
Databases,Brockie,Horley,bhorley2l@icio.us,Male
Math101,Regina,Eckhard,reckhard2m@wix.com,Genderqueer
Math101,Mozes,Thomann,mthomann2n@cnn.com,Male
Calculus,Esme,Baudet,ebaudet2o@barnesandnoble.com,Female
Math101,Latisha,De Rye Barrett,lderyebarrett2p@state.gov,Female
Calculus,Brod,Defond,bdefond2q@cam.ac.uk,Genderqueer
Web Development,Deck,Harkus,dharkus2r@nbcnews.com,Male
Databases,Karon,Noir,knoir2s@google.com.hk,Female
Web Development,Wallie,Goalby,wgoalby2t@pinterest.com,Female
Calculus,Vinny,Dietzler,vdietzler2u@mayoclinic.com,Genderfluid
Databases,Verile,Doorly,vdoorly2v@ocn.ne.jp,Female
Web Development,Reece,Stanyard,rstanyard2w@github.io,Male
Math101,Gardner,Agott,gagott2x@cdc.gov,Male
Databases,Erminie,Purbrick,epurbrick2y@sphinn.com,Female
Calculus,Nicolis,Pedycan,npedycan2z@deviantart.com,Male
Web Development,Nalani,Yablsley,nyablsley30@rakuten.co.jp,Female
Databases,Hephzibah,Simkovitz,hsimkovitz31@canalblog.com,Bigender
Calculus,Denise,Purple,dpurple32@buzzfeed.com,Female
Calculus,Far,Brookesbie,fbrookesbie33@macromedia.com,Male
Web Development,Stafani,Afonso,safonso34@simplemachines.org,Female
Databases,Yoko,Peyto,ypeyto35@umn.edu,Female
Calculus,Tann,Francescuccio,tfrancescuccio36@theatlantic.com,Male
Math101,Starla,Soff,ssoff37@wordpress.com,Female
Math101,Dion,Trevino,dtrevino38@creativecommons.org,Male
Math101,Issi,Foucher,ifoucher39@oaic.gov.au,Female
Web Development,Lilah,Haking,lhaking3a@addthis.com,Agender
Databases,Malinda,Franck,mfranck3b@vk.com,Female
Databases,Edouard,Wroughton,ewroughton3c@over-blog.com,Male
Databases,Marco,Jahns,mjahns3d@smh.com.au,Male
Web Development,Vaughan,Aronsohn,varonsohn3e@delicious.com,Male
Databases,Jaime,Aspden,jaspden3f@nature.com,Female
Calculus,Gretchen,McBeth,gmcbeth3g@patch.com,Female
Databases,Korey,McGaw,kmcgaw3h@ocn.ne.jp,Male
Databases,Ferris,Baskerfield,fbaskerfield3i@mediafire.com,Male
Web Development,Aryn,Reddle,areddle3j@rakuten.co.jp,Female
Calculus,Nollie,Tresise,ntresise3k@macromedia.com,Male
Calculus,Bess,Bovaird,bbovaird3l@baidu.com,Female
Databases,Katheryn,Gandley,kgandley3m@cpanel.net,Female
Databases,Alfi,Van Niekerk,avanniekerk3n@cisco.com,Bigender
Databases,Vince,Chesnay,vchesnay3o@noaa.gov,Male
Math101,Philipa,Fredi,pfredi3p@census.gov,Female
Calculus,Ferguson,Firmin,ffirmin3q@soundcloud.com,Male
Math101,Karoly,Pacey,kpacey3r@buzzfeed.com,Male
Math101,Chaddy,Rubenfeld,crubenfeld3s@ustream.tv,Male
Web Development,Josias,Dunkerton,jdunkerton3t@google.ca,Male
Web Development,Hewett,Firmager,hfirmager3u@netvibes.com,Male
Calculus,Gerri,Oneal,goneal3v@imdb.com,Male
Math101,Helen-elizabeth,Brantzen,hbrantzen3w@craigslist.org,Female
Databases,Keelby,Venediktov,kvenediktov3x@nydailynews.com,Male
Databases,Goddart,Gernier,ggernier3y@about.me,Male
Math101,Curcio,Fullerd,cfullerd3z@cbsnews.com,Male
Math101,Lethia,Brigge,lbrigge40@smugmug.com,Genderqueer
Calculus,Bendix,Cremin,bcremin41@yellowbook.com,Male
Math101,Ralf,Rougier,rrougier42@sbwire.com,Male
Math101,Lee,Borwick,lborwick43@edublogs.org,Male
Web Development,Adara,Tremouille,atremouille44@yellowbook.com,Female
Math101,Baxie,Motion,bmotion45@hostgator.com,Male
Web Development,Berkie,Roussel,broussel46@reference.com,Male
Web Development,Patience,Tolossi,ptolossi47@thetimes.co.uk,Female
Calculus,Emmy,Byers,ebyers48@princeton.edu,Male
Databases,Alejoa,Dionsetti,adionsetti49@ameblo.jp,Male
Web Development,Cointon,Beards,cbeards4a@latimes.com,Male
Calculus,Kendre,McIlvenny,kmcilvenny4b@admin.ch,Female
Calculus,Justin,Beach,jbeach4c@bluehost.com,Male
Web Development,Hendrick,Lugsdin,hlugsdin4d@google.cn,Male
Calculus,Corri,Bodd,cbodd4e@bluehost.com,Female
Calculus,Wyn,Boothe,wboothe4f@diigo.com,Non-binary
Databases,Alidia,Matyushenko,amatyushenko4g@redcross.org,Female
Calculus,Kory,Halward,khalward4h@china.com.cn,Male
Web Development,Stevie,Gasparro,sgasparro4i@mit.edu,Male
Calculus,Zsa zsa,Mead,zmead4j@51.la,Female
Web Development,Rana,Girardez,rgirardez4k@samsung.com,Female
Web Development,Trever,Danilevich,tdanilevich4l@washington.edu,Male
Databases,Frederich,Morefield,fmorefield4m@parallels.com,Genderqueer
Databases,Aidan,Leuty,aleuty4n@shutterfly.com,Female
Math101,Starlene,Mingardo,smingardo4o@example.com,Female
Math101,Misty,Duberry,mduberry4p@newsvine.com,Female
Calculus,Stacy,Skym,sskym4q@amazon.co.uk,Female
Web Development,Corette,Attlee,cattlee4r@biblegateway.com,Female
Calculus,Emlen,Cuningham,ecuningham4s@fda.gov,Male
Web Development,Corissa,Shinton,cshinton4t@altervista.org,Female
Web Development,Dee dee,Ruzek,druzek4u@4shared.com,Polygender
Web Development,Yolanda,Pumphreys,ypumphreys4v@hhs.gov,Female
Calculus,Shaun,O'Fielly,sofielly4w@wikia.com,Male
Web Development,Juliann,Winterbotham,jwinterbotham4x@webeden.co.uk,Female
Databases,Erminie,Turley,eturley4y@soundcloud.com,Female
Databases,Brandy,Tubb,btubb4z@i2i.jp,Female
Databases,Moshe,Ainsley,mainsley50@people.com.cn,Male
Databases,Grenville,Lancashire,glancashire51@epa.gov,Male
Web Development,Patrice,Scough,pscough52@wikimedia.org,Female
Calculus,Avictor,Cotmore,acotmore53@redcross.org,Male
Web Development,Murdoch,Irvine,mirvine54@nhs.uk,Male
Databases,Gay,Schiersch,gschiersch55@list-manage.com,Male
Calculus,Florenza,Pulsford,fpulsford56@homestead.com,Female
Math101,Rosmunda,Sollars,rsollars57@mozilla.com,Female
Web Development,Bernardo,Showl,bshowl58@statcounter.com,Male
Calculus,Debera,Gilley,dgilley59@barnesandnoble.com,Female
Databases,Loretta,Duny,lduny5a@networksolutions.com,Female
Math101,Lonni,Telling,ltelling5b@youku.com,Female
Databases,Mariya,MacKeller,mmackeller5c@scribd.com,Female
Databases,Dari,Woodberry,dwoodberry5d@admin.ch,Female
Calculus,Vincent,Ridel,vridel5e@soundcloud.com,Male
Web Development,Alfonso,Rottery,arottery5f@geocities.com,Male
Calculus,Venus,Ashlin,vashlin5g@ox.ac.uk,Female
Web Development,Virginia,Van der Hoeven,vvanderhoeven5h@surveymonkey.com,Female
Calculus,Jaclin,Ghiraldi,jghiraldi5i@lulu.com,Female
Web Development,Blair,Twyford,btwyford5j@elpais.com,Male
Calculus,Cyrillus,Dunckley,cdunckley5k@washingtonpost.com,Male
Math101,Denver,Howieson,dhowieson5l@ovh.net,Male
Math101,Grannie,Daughtery,gdaughtery5m@netscape.com,Male
Web Development,Ginevra,Jowsey,gjowsey5n@yelp.com,Female
Calculus,Cherilynn,Heskins,cheskins5o@who.int,Female
Databases,Nikolas,Deeming,ndeeming5p@dot.gov,Male
Calculus,Berrie,Cristofvao,bcristofvao5q@free.fr,Female
Calculus,Wandie,Milmoe,wmilmoe5r@usda.gov,Female
Databases,Oswald,Radin,oradin5s@apple.com,Male
Databases,Amos,Iacomi,aiacomi5t@chicagotribune.com,Male
Math101,Christophorus,Stuffins,cstuffins5u@icio.us,Male
Math101,Susana,Hocking,shocking5v@jiathis.com,Female
Calculus,Ad,McPhelim,amcphelim5w@issuu.com,Male
Databases,Hobart,Savary,hsavary5x@amazon.com,Male
Web Development,Nikolai,Fieldstone,nfieldstone5y@wisc.edu,Male
Calculus,Ricki,Plascott,rplascott5z@intel.com,Male
Calculus,Abraham,Keenor,akeenor60@blog.com,Male
Web Development,Lise,Elwell,lelwell61@mayoclinic.com,Female
Math101,Avery,Ghidotti,aghidotti62@addtoany.com,Male
Calculus,Nicoli,Pauling,npauling63@huffingtonpost.com,Female
Calculus,Felike,Dietz,fdietz64@narod.ru,Male
Databases,Korney,Blankau,kblankau65@google.com.au,Non-binary
Databases,Eli,Jaray,ejaray66@scientificamerican.com,Male
Calculus,Whit,Adamovsky,wadamovsky67@linkedin.com,Male
Calculus,Frans,Batchellor,fbatchellor68@addthis.com,Male
Math101,Merrel,Fallow,mfallow69@xinhuanet.com,Male
Math101,Artus,Crosson,acrosson6a@gmpg.org,Male
Calculus,Trumann,Ruggier,truggier6b@cargocollective.com,Bigender
Databases,Sal,Nutter,snutter6c@washingtonpost.com,Female
Calculus,Starlin,Mabbe,smabbe6d@reverbnation.com,Female
Web Development,Opaline,Arington,oarington6e@google.it,Female
Calculus,Tamma,Dineges,tdineges6f@devhub.com,Female
Databases,Nikolos,Rabidge,nrabidge6g@cisco.com,Genderfluid
Databases,Karna,Sherrocks,ksherrocks6h@redcross.org,Female
Databases,Cecilla,Blest,cblest6i@dot.gov,Female
Calculus,Cinnamon,Boreland,cboreland6j@dyndns.org,Female
Databases,Zena,Cherm,zcherm6k@hp.com,Female
Databases,Newton,Olivier,nolivier6l@jiathis.com,Male
Calculus,Carolus,Southcomb,csouthcomb6m@gnu.org,Male
Math101,Wade,Eltringham,weltringham6n@github.com,Male
Web Development,Gayel,Haycock,ghaycock6o@baidu.com,Female
Calculus,Mamie,Evanson,mevanson6p@mac.com,Female
Web Development,Shelba,Parnby,sparnby6q@pinterest.com,Female
Databases,Jean,Brugh,jbrugh6r@goodreads.com,Male
Databases,Marya,Ruspine,mruspine6s@salon.com,Female
Web Development,Elsy,Hedylstone,ehedylstone6t@scientificamerican.com,Female
Calculus,Quincey,Frizzell,qfrizzell6u@state.tx.us,Male
Web Development,Sly,Matteini,smatteini6v@springer.com,Male
Math101,Sofia,Kenwrick,skenwrick6w@soup.io,Female
Calculus,Darda,Dmisek,ddmisek6x@addthis.com,Female
Math101,Adel,Hawick,ahawick6y@nsw.gov.au,Female
Databases,Rogerio,Busse,rbusse6z@springer.com,Male
Databases,Shannon,Hadwen,shadwen70@globo.com,Male
Math101,Yorgo,Reyna,yreyna71@msn.com,Bigender
Math101,Dwayne,Ness,dness72@gmpg.org,Male
Math101,Clarine,Moyser,cmoyser73@soundcloud.com,Female
Math101,Farlay,Gravie,fgravie74@abc.net.au,Male
Web Development,Christophe,Daintry,cdaintry75@about.com,Male
Math101,Irma,Escalero,iescalero76@hc360.com,Female
Math101,Calypso,Bourdas,cbourdas77@gravatar.com,Non-binary
Calculus,Redd,Bratten,rbratten78@pen.io,Male
Math101,Talia,Hakonsson,thakonsson79@hugedomains.com,Female
Math101,Jay,Lambdean,jlambdean7a@1und1.de,Male
Math101,Iolanthe,Benian,ibenian7b@bloomberg.com,Female
Web Development,Tonie,Bodleigh,tbodleigh7c@amazon.co.uk,Genderfluid
Web Development,Annabell,Eastope,aeastope7d@google.cn,Agender
Math101,Waverley,Bryson,wbryson7e@admin.ch,Male
Math101,Sidoney,Koschke,skoschke7f@sogou.com,Female
Math101,Ella,Smitheram,esmitheram7g@patch.com,Non-binary
Databases,Dot,Owbrick,dowbrick7h@naver.com,Female
Web Development,Wanda,Cabble,wcabble7i@va.gov,Female
Math101,Clemente,Dibson,cdibson7j@cam.ac.uk,Male
Web Development,Wallache,Pothergill,wpothergill7k@google.com.hk,Male
Databases,Haily,Martinolli,hmartinolli7l@umn.edu,Female
Databases,Evan,Lawrance,elawrance7m@boston.com,Male
Math101,Jedediah,Filliskirk,jfilliskirk7n@narod.ru,Male
Calculus,Mersey,Harmond,mharmond7o@stumbleupon.com,Female
Math101,Peirce,Poge,ppoge7p@cnbc.com,Male
Calculus,Margarita,Ajam,majam7q@nhs.uk,Female
Databases,Krysta,Gunny,kgunny7r@e-recht24.de,Female
Web Development,Gaspard,MacKall,gmackall7s@hatena.ne.jp,Male
Databases,Iago,Eglaise,ieglaise7t@taobao.com,Genderqueer
Math101,Hugo,Dark,hdark7u@home.pl,Bigender
Math101,Eustacia,Lawlan,elawlan7v@amazonaws.com,Female
Calculus,Mallissa,Edmands,medmands7w@shareasale.com,Female
Calculus,Caren,Martinson,cmartinson7x@merriam-webster.com,Female
Math101,Carissa,Bernardotte,cbernardotte7y@free.fr,Female
Math101,Virginie,Frederick,vfrederick7z@163.com,Female
Calculus,Blithe,Beswetherick,bbeswetherick80@engadget.com,Female
Web Development,Georgie,Loakes,gloakes81@bbb.org,Male
Calculus,Patten,Stenson,pstenson82@mail.ru,Male
Web Development,Lani,Bigham,lbigham83@reverbnation.com,Female
Math101,Blisse,Viner,bviner84@sciencedaily.com,Female
Databases,Laurie,Earle,learle85@themeforest.net,Male
Web Development,Dorothee,Kilmaster,dkilmaster86@webnode.com,Genderqueer
Web Development,Junina,Smyley,jsmyley87@discuz.net,Non-binary
Math101,Tasha,Stapels,tstapels88@netvibes.com,Female
Web Development,Darla,Stieger,dstieger89@hatena.ne.jp,Female
Calculus,Jonie,Collinson,jcollinson8a@ameblo.jp,Female
Databases,Felic,Simison,fsimison8b@blinklist.com,Male
Databases,Bern,Filipiak,bfilipiak8c@washingtonpost.com,Male
Math101,Marianne,Braikenridge,mbraikenridge8d@indiatimes.com,Female
Web Development,Conan,Hartgill,chartgill8e@salon.com,Male
Databases,Dina,Larmet,dlarmet8f@unesco.org,Female
Math101,Giuseppe,Dalziel,gdalziel8g@intel.com,Male
Databases,Faulkner,Labon,flabon8h@ezinearticles.com,Male
Web Development,Carl,Bassano,cbassano8i@gizmodo.com,Male
Calculus,Estella,Necrews,enecrews8j@time.com,Female
Web Development,Rusty,Warrener,rwarrener8k@springer.com,Male
Databases,Kelcy,Kingswell,kkingswell8l@blogs.com,Genderqueer
Web Development,Halimeda,Jammes,hjammes8m@auda.org.au,Female
Databases,Jamil,Corran,jcorran8n@surveymonkey.com,Male
Web Development,Haskell,Savoury,hsavoury8o@yellowpages.com,Male
Calculus,Neill,Zellick,nzellick8p@forbes.com,Male
Databases,Dione,Marjot,dmarjot8q@pen.io,Genderfluid
Math101,Modesta,Charlin,mcharlin8r@blog.com,Female
Web Development,Eda,Shillabeare,eshillabeare8s@behance.net,Female
Calculus,Leodora,Burnitt,lburnitt8t@sitemeter.com,Female
Databases,Briney,Caverhill,bcaverhill8u@wp.com,Female
Calculus,Winfred,Statham,wstatham8v@digg.com,Male
Math101,Angel,Biasi,abiasi8w@google.nl,Female
Web Development,Berkley,Norvel,bnorvel8x@t-online.de,Male
Web Development,Guillermo,Elbourne,gelbourne8y@comcast.net,Male
Calculus,Correy,Balam,cbalam8z@sciencedaily.com,Male
Databases,Berti,Pittem,bpittem90@opera.com,Female
Web Development,Innis,Southway,isouthway91@spotify.com,Male
Web Development,Gerri,Luno,gluno92@bloglovin.com,Female
Web Development,Milton,Fanthome,mfanthome93@netscape.com,Male
Web Development,Ashbey,Olyet,aolyet94@spiegel.de,Male
Databases,Tani,Whettleton,twhettleton95@va.gov,Female
Web Development,Marlo,Botton,mbotton96@gmpg.org,Male
Math101,Alexandros,Bexon,abexon97@ycombinator.com,Male
Math101,Ced,Hellier,chellier98@cornell.edu,Male
Calculus,Clare,Orteaux,corteaux99@dot.gov,Female
Calculus,Lula,Withrington,lwithrington9a@aol.com,Female
Web Development,Edik,Melmore,emelmore9b@moonfruit.com,Male
Web Development,Ethelbert,Woodwing,ewoodwing9c@addtoany.com,Male
Math101,Giorgio,Amey,gamey9d@alibaba.com,Male
Web Development,Kimmy,Empleton,kempleton9e@pinterest.com,Female
Math101,Nels,Blinco,nblinco9f@delicious.com,Male
Math101,Engelbert,Iaduccelli,eiaduccelli9g@sakura.ne.jp,Male
Math101,Kariotta,Moston,kmoston9h@prlog.org,Female
Databases,Price,Prattin,pprattin9i@wired.com,Male
Math101,Star,Backen,sbacken9j@nydailynews.com,Female
Databases,Portia,Gendricke,pgendricke9k@dot.gov,Bigender
Databases,Blair,Raylton,braylton9l@storify.com,Male
Calculus,Mabelle,Portman,mportman9m@gov.uk,Female
Math101,Brendan,Ingman,bingman9n@statcounter.com,Male
Calculus,Aurelea,Banyard,abanyard9o@php.net,Female
Calculus,Fraze,Veal,fveal9p@delicious.com,Male
Databases,Creighton,Camies,ccamies9q@opensource.org,Genderfluid
Web Development,Kip,Scarth,kscarth9r@bloglovin.com,Non-binary
Web Development,Kingsly,Sumption,ksumption9s@jiathis.com,Male
Web Development,Nedda,Arnold,narnold9t@slideshare.net,Female
Web Development,Johnny,Donaghie,jdonaghie9u@newyorker.com,Male
Calculus,Ely,Kacheller,ekacheller9v@merriam-webster.com,Male
Math101,Tallulah,Rosendall,trosendall9w@businesswire.com,Polygender
Calculus,Ursulina,Borsay,uborsay9x@tripod.com,Female
Databases,Coriss,Rampage,crampage9y@usatoday.com,Female
Databases,Sidney,Mapston,smapston9z@feedburner.com,Male
Math101,Joyous,McCarrick,jmccarricka0@google.ru,Female
Web Development,Ruprecht,Leece,rleecea1@telegraph.co.uk,Male
Math101,Elnar,Thornbarrow,ethornbarrowa2@tuttocitta.it,Male
Databases,Hobey,Udey,hudeya3@live.com,Male
Calculus,Bethany,Langtry,blangtrya4@photobucket.com,Female
Web Development,Lonni,Stoneman,lstonemana5@java.com,Female
Databases,Herc,Calvie,hcalviea6@narod.ru,Male
Web Development,Jeddy,Figgures,jfigguresa7@elpais.com,Polygender
Calculus,Fons,Kittow,fkittowa8@slideshare.net,Male
Databases,Hunt,Vanin,hvanina9@constantcontact.com,Male
Databases,Barny,Reggler,breggleraa@amazon.com,Male
Web Development,Corliss,Ringrose,cringroseab@narod.ru,Female
Databases,Karim,Dohmer,kdohmerac@theguardian.com,Male
Databases,Sarina,Paradin,sparadinad@sfgate.com,Female
Calculus,Grier,Andrys,gandrysae@fotki.com,Female
Databases,Alasteir,Sjostrom,asjostromaf@jigsy.com,Genderfluid
Databases,Marisa,Pargiter,mpargiterag@wunderground.com,Female
Calculus,Waly,Wrigglesworth,wwrigglesworthah@forbes.com,Female
Calculus,Malory,Jebb,mjebbai@blogs.com,Genderqueer
Math101,Temp,Flips,tflipsaj@ask.com,Bigender
Web Development,Inglebert,MacAndreis,imacandreisak@vimeo.com,Male
Math101,Faith,Kender,fkenderal@youku.com,Female
Math101,Gannie,Wemyss,gwemyssam@arstechnica.com,Male
Math101,Jannel,Durrell,jdurrellan@altervista.org,Female
Databases,Ardeen,Borsnall,aborsnallao@fotki.com,Female
Calculus,Geno,Lymer,glymerap@vkontakte.ru,Male
Math101,Nathaniel,McCumskay,nmccumskayaq@un.org,Male
Web Development,Tamar,Tamburo,ttamburoar@buzzfeed.com,Female
Math101,Katee,Sapp,ksappas@yolasite.com,Female
Math101,Nikolia,Longega,nlongegaat@parallels.com,Female
Math101,Shermy,Peasnone,speasnoneau@illinois.edu,Genderfluid
Math101,Emanuele,Prophet,eprophetav@creativecommons.org,Male
Calculus,Monroe,Scowen,mscowenaw@psu.edu,Male
Math101,Trip,Emanulsson,temanulssonax@privacy.gov.au,Male
Databases,Amalea,Pirozzi,apirozziay@tinypic.com,Female
Math101,Merill,Seydlitz,mseydlitzaz@wikipedia.org,Male
Web Development,Ethelbert,Harridge,eharridgeb0@gnu.org,Male
Math101,Barbabas,Van Castele,bvancasteleb1@google.co.jp,Non-binary
Math101,Shannon,Adamo,sadamob2@ucoz.ru,Female
Math101,Clywd,Nattriss,cnattrissb3@hostgator.com,Male
Calculus,Phillipe,Feronet,pferonetb4@nydailynews.com,Male
Web Development,Reba,Mytton,rmyttonb5@sbwire.com,Female
Web Development,Eleanor,Bunstone,ebunstoneb6@ovh.net,Female
Math101,Rupert,Wrangle,rwrangleb7@shop-pro.jp,Male
Databases,Anabel,Frankel,afrankelb8@dell.com,Female
Math101,Pepe,Bastiman,pbastimanb9@livejournal.com,Male
Web Development,Frankie,Liddy,fliddyba@example.com,Female
Calculus,Andi,Dod,adodbb@vistaprint.com,Female
Calculus,Parker,Keyhoe,pkeyhoebc@homestead.com,Male
Databases,Lynna,Jaan,ljaanbd@live.com,Female
Databases,Rees,Enevoldsen,renevoldsenbe@sun.com,Male
Databases,Lorene,Spink,lspinkbf@imageshack.us,Female
Calculus,Merrilee,Swainsbury,mswainsburybg@shareasale.com,Female
Databases,Fabiano,Morillas,fmorillasbh@webs.com,Male
Web Development,Albina,Phant,aphantbi@earthlink.net,Female
Web Development,Artemas,Deviney,adevineybj@accuweather.com,Male
Web Development,Melessa,Sharrard,msharrardbk@marketwatch.com,Female
Calculus,Tanner,McShirrie,tmcshirriebl@umich.edu,Male
Web Development,Catina,Garvagh,cgarvaghbm@geocities.jp,Female
Databases,Gwyneth,Kenton,gkentonbn@sbwire.com,Female
Web Development,Shane,Gravenor,sgravenorbo@oaic.gov.au,Male
Calculus,Gareth,Carlyle,gcarlylebp@fema.gov,Male
Calculus,Harlan,Tace,htacebq@dailymail.co.uk,Male
Web Development,Cristy,Bizley,cbizleybr@google.com,Female
Web Development,Inger,Warbrick,iwarbrickbs@sphinn.com,Female
Web Development,Josepha,Sidsaff,jsidsaffbt@drupal.org,Female
Math101,Joshua,Edensor,jedensorbu@walmart.com,Male
Calculus,Edan,Terrazzo,eterrazzobv@over-blog.com,Male
Math101,Kim,Hofner,khofnerbw@acquirethisname.com,Male
Calculus,Ailey,Warrender,awarrenderbx@adobe.com,Female
Databases,Josh,Dorre,jdorreby@answers.com,Male
Math101,Noam,Dawney,ndawneybz@dmoz.org,Male
Databases,Genni,MacDermand,gmacdermandc0@who.int,Female
Web Development,Kathe,Espinho,kespinhoc1@hibu.com,Female
Web Development,Orton,Bambrick,obambrickc2@ebay.co.uk,Agender
Databases,Gaspar,Boulton,gboultonc3@exblog.jp,Male
Math101,Pate,O'Carroll,pocarrollc4@unblog.fr,Male
Calculus,Grant,Vogelein,gvogeleinc5@amazonaws.com,Male
Databases,Rob,Leghorn,rleghornc6@census.gov,Male
Web Development,Kristal,Shelbourne,kshelbournec7@ocn.ne.jp,Female
Web Development,Marcelia,Mepham,mmephamc8@theguardian.com,Female
Math101,Lorant,Santry,lsantryc9@nasa.gov,Male
Calculus,Drusie,Leupold,dleupoldca@squidoo.com,Female
Math101,Norri,Blaza,nblazacb@nifty.com,Female
Web Development,Paolo,Pound,ppoundcc@1688.com,Male
Math101,Errick,Leavesley,eleavesleycd@census.gov,Agender
Calculus,Markus,Beek,mbeekce@ning.com,Male
Math101,Virgie,Snooks,vsnookscf@163.com,Female
Calculus,Timmy,Moorton,tmoortoncg@nyu.edu,Male
Calculus,Iseabal,Wilkins,iwilkinsch@dyndns.org,Female
Databases,Elias,Bouchier,ebouchierci@google.com.au,Bigender
Web Development,Ravi,Belz,rbelzcj@wikipedia.org,Male
Web Development,Jared,Allanson,jallansonck@spotify.com,Male
Math101,Cary,Martinolli,cmartinollicl@webmd.com,Female
Math101,Barnaby,Yeskov,byeskovcm@hibu.com,Male
Math101,Estella,De Meis,edemeiscn@techcrunch.com,Agender
Calculus,Lillis,Rolf,lrolfco@xrea.com,Agender
Databases,Maiga,Korejs,mkorejscp@skype.com,Female
Calculus,Winifield,Bockmann,wbockmanncq@howstuffworks.com,Male
Calculus,Whittaker,Dury,wdurycr@ow.ly,Male
Calculus,Kessia,Pointer,kpointercs@xing.com,Female
Databases,Nev,Fairbeard,nfairbeardct@vk.com,Male
Calculus,Zacharie,Stanett,zstanettcu@dot.gov,Non-binary
Math101,Reggie,Mc Ilory,rmcilorycv@google.nl,Male
Calculus,Debbi,Heazel,dheazelcw@live.com,Female
Calculus,Leslie,Masarrat,lmasarratcx@godaddy.com,Male
Calculus,Case,Isted,cistedcy@paginegialle.it,Male
Math101,Nikolai,Huske,nhuskecz@blogtalkradio.com,Male
Databases,Emiline,O'Keaveny,eokeavenyd0@un.org,Female
Math101,Griz,MacRedmond,gmacredmondd1@last.fm,Male
Web Development,Lana,Rockall,lrockalld2@seesaa.net,Female
Math101,Tomas,MacCague,tmaccagued3@issuu.com,Male
Databases,Colette,Tillyer,ctillyerd4@google.ru,Female
Calculus,Kris,Ableson,kablesond5@howstuffworks.com,Male
Calculus,Kerk,Kunrad,kkunradd6@utexas.edu,Male
Math101,Parker,Chaudron,pchaudrond7@vimeo.com,Male
Calculus,Ive,Kardos,ikardosd8@parallels.com,Male
Calculus,Edsel,Osboldstone,eosboldstoned9@webnode.com,Male
Web Development,Letta,Abeau,labeauda@1688.com,Female
Web Development,Mohammed,Kingswold,mkingswolddb@diigo.com,Male
Databases,Doretta,Leask,dleaskdc@china.com.cn,Female
Web Development,Ileane,Tenman,itenmandd@about.me,Female
Math101,Sigrid,Doelle,sdoellede@springer.com,Female
Math101,Carolann,Gorman,cgormandf@craigslist.org,Female
Math101,Eran,Levensky,elevenskydg@uol.com.br,Female
Databases,Sanford,Crummy,scrummydh@usatoday.com,Male
Math101,Dewie,Gammons,dgammonsdi@sakura.ne.jp,Male
Math101,Willey,Schukraft,wschukraftdj@mlb.com,Male
Calculus,Shanan,Joscelyn,sjoscelyndk@npr.org,Male
Databases,Beltran,Marnes,bmarnesdl@purevolume.com,Male
Databases,Katina,Ezzell,kezzelldm@imgur.com,Female
Web Development,De witt,Kembery,dkemberydn@friendfeed.com,Male
Databases,Manolo,Chilley,mchilleydo@about.com,Male
Web Development,Borden,Aicheson,baichesondp@youku.com,Male
Calculus,Fidel,Axtell,faxtelldq@loc.gov,Male
Calculus,Balduin,Henner,bhennerdr@ehow.com,Male
Calculus,Feodora,Iggulden,figguldends@businessinsider.com,Female
Web Development,Igor,Kassman,ikassmandt@barnesandnoble.com,Male
Web Development,Danny,Lygoe,dlygoedu@marriott.com,Male
Web Development,Ingrid,Oki,iokidv@foxnews.com,Female
Calculus,Gunilla,Elvish,gelvishdw@arizona.edu,Female
Web Development,Freedman,Stiller,fstillerdx@imdb.com,Male
Calculus,Janella,Renton,jrentondy@privacy.gov.au,Female
Calculus,Danit,Fearnyough,dfearnyoughdz@amazonaws.com,Female
Web Development,Noemi,Sweeting,nsweetinge0@npr.org,Female
Databases,Trumaine,Sawfoot,tsawfoote1@plala.or.jp,Male
Web Development,Calla,Waterhowse,cwaterhowsee2@smugmug.com,Female
Math101,Ianthe,Loche,ilochee3@microsoft.com,Female
Math101,Martica,Salamon,msalamone4@youtu.be,Genderfluid
Databases,Regina,Novic,rnovice5@slate.com,Female
Calculus,Madel,McCrone,mmccronee6@prweb.com,Female
Web Development,Helga,Rubery,hruberye7@ifeng.com,Female
Calculus,Elias,McRobb,emcrobbe8@cnbc.com,Male
Calculus,Bellina,Paler,bpalere9@tinyurl.com,Female
Math101,Erasmus,Truelock,etruelockea@yahoo.com,Male
Calculus,Suki,Nunnery,snunneryeb@biblegateway.com,Female
Math101,Nicky,Oldaker,noldakerec@live.com,Male
Web Development,Belvia,Haslock,bhaslocked@surveymonkey.com,Non-binary
Web Development,Benedict,Vasilevich,bvasilevichee@loc.gov,Male
Web Development,Barr,Joscelin,bjoscelinef@ask.com,Male
Databases,Tabitha,Connar,tconnareg@cornell.edu,Female
Calculus,Skylar,Cucinotta,scucinottaeh@blogtalkradio.com,Male
Math101,Pate,Lockey,plockeyei@ca.gov,Male
Math101,Adore,Marsy,amarsyej@posterous.com,Female
Web Development,Gabriellia,Todeo,gtodeoek@alexa.com,Female
Web Development,Der,Nieass,dnieassel@globo.com,Male
Databases,Loralee,Brackenbury,lbrackenburyem@skyrock.com,Female
Math101,Alvina,Odlin,aodlinen@uiuc.edu,Female
Databases,Morrie,Hentze,mhentzeeo@sogou.com,Male
Web Development,Siusan,Halgarth,shalgarthep@newyorker.com,Female
Databases,Marisa,Witheridge,mwitheridgeeq@infoseek.co.jp,Female
Calculus,Nollie,Sodo,nsodoer@cnbc.com,Male
Databases,Leyla,Facher,lfacheres@studiopress.com,Female
Databases,Vinson,Bow,vbowet@blogspot.com,Male
Web Development,Stephani,Topper,stoppereu@networksolutions.com,Female
Databases,Tracey,Zimek,tzimekev@slashdot.org,Female
Web Development,Martica,Grinikhinov,mgrinikhinovew@mayoclinic.com,Female
Web Development,Reese,Smolan,rsmolanex@reddit.com,Male
Databases,Sonnie,Collinge,scollingeey@mlb.com,Male
Web Development,Brant,Retallack,bretallackez@independent.co.uk,Male
Math101,Dalis,Summers,dsummersf0@mit.edu,Male
Calculus,Tommy,Doore,tdooref1@ebay.co.uk,Male
Web Development,Mitzi,Tackle,mtacklef2@un.org,Female
Web Development,Michail,Kyte,mkytef3@mail.ru,Male
Web Development,Ursola,Dabs,udabsf4@umn.edu,Genderfluid
Math101,Jobina,MacLaren,jmaclarenf5@hugedomains.com,Female
Web Development,Beret,Hughes,bhughesf6@upenn.edu,Female
Web Development,Norris,Tunesi,ntunesif7@deliciousdays.com,Genderfluid
Math101,Cecily,McLagan,cmclaganf8@nps.gov,Female
Math101,Alyss,Youell,ayouellf9@bandcamp.com,Female
Databases,Daniel,Sill,dsillfa@amazonaws.com,Male
Calculus,Durante,Frobisher,dfrobisherfb@newyorker.com,Non-binary
Calculus,Ellary,Brackley,ebrackleyfc@bbb.org,Male
Web Development,Mikey,Dibden,mdibdenfd@biblegateway.com,Male
Math101,Devy,De La Cote,ddelacotefe@list-manage.com,Male
Web Development,Jessamyn,Andreia,jandreiaff@toplist.cz,Female
Web Development,Chalmers,Falloon,cfalloonfg@ustream.tv,Genderfluid
Math101,D'arcy,Doring,ddoringfh@cafepress.com,Male
Calculus,Luigi,Vibert,lvibertfi@hp.com,Non-binary
Databases,Dorree,Kiffin,dkiffinfj@dyndns.org,Female
Databases,Zacharia,McDonand,zmcdonandfk@shinystat.com,Male
Databases,Lorena,Gartshore,lgartshorefl@umich.edu,Female
Databases,Hi,Southerden,hsoutherdenfm@themeforest.net,Bigender
Calculus,Aubry,Ivatts,aivattsfn@google.es,Polygender
Databases,Ellary,Silber,esilberfo@livejournal.com,Male
Web Development,Kathrine,Nuzzetti,knuzzettifp@huffingtonpost.com,Female
Math101,Neddie,Raspin,nraspinfq@mtv.com,Polygender
Math101,Kristi,Atthowe,katthowefr@paginegialle.it,Female
Math101,Davine,Steggles,dstegglesfs@chron.com,Non-binary
Databases,Maribeth,Bolt,mboltft@amazon.co.uk,Bigender
Web Development,Jackson,Charnley,jcharnleyfu@sakura.ne.jp,Male
Calculus,Tull,Gillani,tgillanifv@theglobeandmail.com,Male
Web Development,Ilaire,Asprey,iaspreyfw@newsvine.com,Male
Calculus,Belia,Coleridge,bcoleridgefx@etsy.com,Female
Calculus,Charline,Gutsell,cgutsellfy@163.com,Female
Math101,Othella,MacLoughlin,omacloughlinfz@boston.com,Female
Calculus,Garry,Harkness,gharknessg0@ezinearticles.com,Male
Math101,Jayme,Schlagtmans,jschlagtmansg1@dot.gov,Male
Databases,Gardie,Privost,gprivostg2@zdnet.com,Male
Web Development,Sutherland,Dimond,sdimondg3@hp.com,Male
Databases,Damon,Bestiman,dbestimang4@cnn.com,Male
Web Development,Judy,Dallas,jdallasg5@fastcompany.com,Female
Math101,Elyn,Elvidge,eelvidgeg6@omniture.com,Female
Calculus,Bendix,Sawdy,bsawdyg7@ow.ly,Male
Databases,Cecil,Yegoshin,cyegoshing8@marketwatch.com,Male
Math101,Marilee,Dumini,mduminig9@e-recht24.de,Polygender
Web Development,Cora,Cayle,ccaylega@answers.com,Female
Databases,Orton,Pearn,opearngb@alexa.com,Male
Web Development,Korney,Waiton,kwaitongc@angelfire.com,Non-binary
Math101,Tandy,Randalson,trandalsongd@macromedia.com,Female
Web Development,Wallache,Fellon,wfellonge@list-manage.com,Male
Web Development,Lindsey,Reck,lreckgf@webnode.com,Male
Databases,Katherina,Athy,kathygg@liveinternet.ru,Female
Math101,Hyacinthie,Alessandone,halessandonegh@yellowbook.com,Bigender
Calculus,Cristian,Ilson,cilsongi@ft.com,Male
Calculus,Hazel,Cuttin,hcuttingj@scientificamerican.com,Female
Web Development,Romonda,Roobottom,rroobottomgk@issuu.com,Female
Web Development,Orsa,Szimoni,oszimonigl@blogs.com,Female
Math101,Emory,Messer,emessergm@devhub.com,Male
Math101,Joice,Heintz,jheintzgn@ocn.ne.jp,Female
Math101,Susana,Vasilischev,svasilischevgo@seesaa.net,Female
Databases,Ambrosi,Hollows,ahollowsgp@cpanel.net,Male
Databases,Saw,Schuchmacher,sschuchmachergq@latimes.com,Male
Web Development,Michele,Mains,mmainsgr@nps.gov,Male
Web Development,King,Hanscombe,khanscombegs@earthlink.net,Male
Calculus,Lucias,Atwel,latwelgt@stumbleupon.com,Male
Web Development,Denver,Hosburn,dhosburngu@marketwatch.com,Agender
Web Development,Jamaal,Scedall,jscedallgv@tinyurl.com,Male
Web Development,Teddi,Coarser,tcoarsergw@prnewswire.com,Female
Calculus,Cordelie,Gravett,cgravettgx@networksolutions.com,Female
Math101,Clementine,Cree,ccreegy@bloomberg.com,Female
Web Development,Magdalena,Ogdahl,mogdahlgz@deliciousdays.com,Female
Web Development,Annette,Wisham,awishamh0@drupal.org,Agender
Web Development,Molly,Gillbe,mgillbeh1@livejournal.com,Female
Math101,Gale,Fruin,gfruinh2@nbcnews.com,Male
Databases,Charmain,Burberow,cburberowh3@msn.com,Female
Calculus,Letta,Borges,lborgesh4@forbes.com,Female
Calculus,Quint,Colleran,qcolleranh5@csmonitor.com,Male
Databases,Graehme,Hewins,ghewinsh6@dailymotion.com,Male
Databases,Isa,Presslee,ipressleeh7@google.co.uk,Male
Math101,Arie,Tailby,atailbyh8@oakley.com,Male
Web Development,Benetta,Detheridge,bdetheridgeh9@virginia.edu,Female
Databases,Rowney,Shoreson,rshoresonha@chron.com,Male
Calculus,Trev,Grzelczyk,tgrzelczykhb@si.edu,Male
Databases,Frans,Pepler,fpeplerhc@slideshare.net,Male
Web Development,Gus,Henner,ghennerhd@usnews.com,Male
Databases,Booth,Glasby,bglasbyhe@merriam-webster.com,Male
Math101,Verena,Domanek,vdomanekhf@sourceforge.net,Agender
Calculus,Libbie,Kenwood,lkenwoodhg@goo.gl,Female
Calculus,Catha,Shayler,cshaylerhh@marriott.com,Bigender
Calculus,Ivar,Halliwell,ihalliwellhi@behance.net,Male
Web Development,Seline,Rattery,sratteryhj@wsj.com,Female
Databases,Efren,Dunsire,edunsirehk@twitter.com,Male
Math101,Doralin,Western,dwesternhl@weather.com,Female
Web Development,Rorie,Vanichev,rvanichevhm@multiply.com,Female
Databases,Natalie,Salvatore,nsalvatorehn@google.co.jp,Female
Web Development,Beck,Dominguez,bdominguezho@dailymotion.com,Male
Databases,Stephan,Spain-Gower,sspaingowerhp@nba.com,Male
Calculus,Hobard,Moorhouse,hmoorhousehq@usnews.com,Male
Databases,Janice,Estevez,jestevezhr@ucoz.ru,Female
Databases,Mirella,Bowes,mboweshs@google.es,Female
Web Development,Benjamin,Ciccotti,bciccottiht@tinyurl.com,Male
Databases,Ulysses,Brigdale,ubrigdalehu@nps.gov,Male
Math101,Clarie,Barkly,cbarklyhv@earthlink.net,Female
Databases,Rosanne,Pinsent,rpinsenthw@wisc.edu,Female
Databases,Pattie,Ealam,pealamhx@ustream.tv,Male
Math101,Cinda,Pinilla,cpinillahy@acquirethisname.com,Female
Web Development,Pauline,Blanch,pblanchhz@chronoengine.com,Female
Math101,Ainslee,Connock,aconnocki0@over-blog.com,Female
Web Development,Gilligan,Broschke,gbroschkei1@earthlink.net,Agender
Databases,Perri,Humpatch,phumpatchi2@gov.uk,Female
Web Development,Hi,Cuphus,hcuphusi3@google.co.jp,Male
Web Development,Catherine,Dumini,cduminii4@domainmarket.com,Female
Math101,Wendel,Arnull,warnulli5@google.pl,Male
Databases,Laney,Bourdice,lbourdicei6@uiuc.edu,Male
Calculus,Brice,Wesker,bweskeri7@hexun.com,Male
Databases,Galvan,Gwyther,ggwytheri8@delicious.com,Male
Calculus,Kalvin,Hawtrey,khawtreyi9@gizmodo.com,Male
Math101,Gris,Hannen,ghannenia@blogspot.com,Male
Databases,Amabelle,Birtchnell,abirtchnellib@baidu.com,Female
Calculus,Averell,Pennicard,apennicardic@google.co.uk,Male
Databases,Aloisia,Jeste,ajesteid@w3.org,Female
Web Development,Cecil,MacGray,cmacgrayie@netvibes.com,Male
Web Development,Donnie,Comport,dcomportif@canalblog.com,Female
Databases,Jody,Fawcett,jfawcettig@pagesperso-orange.fr,Female
Databases,Selma,Ducket,sducketih@gravatar.com,Female
Math101,Darleen,Kenton,dkentonii@google.com.au,Female
Calculus,Berkly,Harsnep,bharsnepij@gravatar.com,Male
Calculus,Rhetta,Forryan,rforryanik@admin.ch,Female
Databases,Gino,Davoren,gdavorenil@webs.com,Male
Databases,Hinda,Whitesel,hwhiteselim@ibm.com,Female
Calculus,Merrill,Halahan,mhalahanin@senate.gov,Male
Math101,Caryl,Nesbeth,cnesbethio@behance.net,Female
Databases,Eloisa,Murcutt,emurcuttip@nhs.uk,Female
Math101,Sapphira,Heaviside,sheavisideiq@dion.ne.jp,Female
Math101,Byrle,Schroder,bschroderir@ustream.tv,Male
Web Development,Madlin,Fabbro,mfabbrois@macromedia.com,Female
Calculus,Scarlet,Whitcomb,swhitcombit@youtube.com,Female
Web Development,Mikaela,Lalonde,mlalondeiu@themeforest.net,Female
Web Development,Harriott,Keogh,hkeoghiv@kickstarter.com,Female
Calculus,Eugenia,Trousdell,etrousdelliw@friendfeed.com,Female
Calculus,Tonnie,Bizzey,tbizzeyix@vkontakte.ru,Male
Databases,Johannah,Bevar,jbevariy@google.de,Female
Web Development,Alfreda,Chaffin,achaffiniz@dmoz.org,Female
Web Development,Osbourn,Linsey,olinseyj0@squidoo.com,Bigender
Databases,Nevsa,Schonfeld,nschonfeldj1@wiley.com,Female
Calculus,Shane,Grinyakin,sgrinyakinj2@oakley.com,Male
Databases,Margaretta,Hutfield,mhutfieldj3@washingtonpost.com,Female
Web Development,Della,Roberti,drobertij4@hibu.com,Female
Math101,Rex,Cruz,rcruzj5@liveinternet.ru,Male
Calculus,Udall,Lemonby,ulemonbyj6@dedecms.com,Male
Calculus,Lizabeth,Pavlik,lpavlikj7@yahoo.co.jp,Female
Web Development,Stacia,Adlard,sadlardj8@mozilla.com,Female
Calculus,Maryl,Ells,mellsj9@va.gov,Polygender
Databases,Aveline,Tolhurst,atolhurstja@nytimes.com,Female
Web Development,Hewet,O'Cannovane,hocannovanejb@state.tx.us,Male
Math101,Staci,Bold,sboldjc@eepurl.com,Female
Web Development,Hollis,Hallede,hhalledejd@hugedomains.com,Male
Databases,Wald,Thireau,wthireauje@goodreads.com,Male
Databases,Ada,Perigo,aperigojf@msn.com,Female
Databases,Thatcher,Collick,tcollickjg@etsy.com,Male
Databases,Sander,Winspire,swinspirejh@ebay.co.uk,Male
Databases,Joelle,Winnard,jwinnardji@si.edu,Female
Calculus,Gun,Elleton,gelletonjj@printfriendly.com,Male
Calculus,Annnora,Golson,agolsonjk@nba.com,Female
Web Development,Troy,Law,tlawjl@chronoengine.com,Non-binary
Web Development,Min,McIlharga,mmcilhargajm@wordpress.org,Female
Calculus,Gregoire,Smyley,gsmyleyjn@wiley.com,Male
Calculus,Kit,Fantonetti,kfantonettijo@blogger.com,Female
Calculus,Tonya,Britton,tbrittonjp@blog.com,Female
Math101,William,Houlton,whoultonjq@phoca.cz,Male
Web Development,Kleon,Vaines,kvainesjr@yelp.com,Male
Web Development,Rees,Matonin,rmatoninjs@wordpress.org,Male
Databases,Berky,Swetenham,bswetenhamjt@mayoclinic.com,Male
Databases,Hamish,Chiplen,hchiplenju@yellowpages.com,Male
Web Development,Mellicent,Bartholomew,mbartholomewjv@baidu.com,Female
Web Development,Waiter,Headey,wheadeyjw@patch.com,Male
Databases,Ethelind,Sisson,esissonjx@harvard.edu,Female
Databases,Gretal,Braundt,gbraundtjy@blogs.com,Female
Web Development,Bari,Downage,bdownagejz@devhub.com,Female
Databases,Jeanie,Aronowitz,jaronowitzk0@biglobe.ne.jp,Female
Math101,Pooh,Bynold,pbynoldk1@wordpress.com,Male
Web Development,Eirena,Waymont,ewaymontk2@cnet.com,Female
Math101,Jandy,Coggon,jcoggonk3@about.com,Female
Databases,Chan,Woodwing,cwoodwingk4@pen.io,Male
Web Development,Ainslie,Stuchberry,astuchberryk5@hp.com,Female
Databases,Virgil,Boulter,vboulterk6@businessweek.com,Male
Web Development,Lefty,Crayk,lcraykk7@sitemeter.com,Male
Databases,Angeline,Fretter,afretterk8@arstechnica.com,Female
Web Development,Fredi,Brazenor,fbrazenork9@epa.gov,Bigender
Math101,Rufe,Laban,rlabanka@microsoft.com,Male
Web Development,Ursola,Reyson,ureysonkb@soup.io,Female
Calculus,Lowrance,McKernan,lmckernankc@youku.com,Polygender
Calculus,Eldredge,Nichol,enicholkd@businessinsider.com,Male
Math101,Cornell,Merioth,cmeriothke@surveymonkey.com,Male
Web Development,Jamey,Bariball,jbariballkf@linkedin.com,Male
Web Development,Emera,Baptista,ebaptistakg@zimbio.com,Female
Web Development,Courtney,Gores,cgoreskh@arizona.edu,Female
Databases,Batholomew,Leathes,bleatheski@phpbb.com,Male
Math101,Brooke,Wraight,bwraightkj@domainmarket.com,Male
Web Development,Lianna,Thurlby,lthurlbykk@opensource.org,Non-binary
Databases,Forest,Ren,frenkl@seattletimes.com,Male
Math101,Lianne,Dellar,ldellarkm@privacy.gov.au,Female
Calculus,Elbert,Scopyn,escopynkn@npr.org,Male
Web Development,Nikkie,Billinge,nbillingeko@tamu.edu,Female
Databases,Donaugh,Helleker,dhellekerkp@illinois.edu,Male
Math101,Flin,Kienle,fkienlekq@google.de,Male
Math101,Donnamarie,Mulheron,dmulheronkr@scientificamerican.com,Female
Web Development,Thaddeus,Bavin,tbavinks@gizmodo.com,Male
Calculus,Zia,Clineck,zclineckkt@miitbeian.gov.cn,Female
Math101,Paton,Shurrock,pshurrockku@sina.com.cn,Male
Calculus,Lezlie,Brede,lbredekv@dmoz.org,Female
Web Development,Amy,Marven,amarvenkw@dyndns.org,Female
Calculus,Leupold,Goodspeed,lgoodspeedkx@bloglovin.com,Male
Web Development,Rafi,Halfhead,rhalfheadky@miitbeian.gov.cn,Male
Web Development,Buddy,Hawkridge,bhawkridgekz@chicagotribune.com,Male
Web Development,Lucian,Burstowe,lburstowel0@fotki.com,Male
Calculus,Conrade,Hooks,chooksl1@bbb.org,Male
Databases,Donnie,Breakey,dbreakeyl2@cnbc.com,Non-binary
Web Development,Stephen,Romaines,sromainesl3@google.ca,Male
Web Development,Humbert,Leither,hleitherl4@wired.com,Male
Web Development,Glen,Guerrero,gguerrerol5@slashdot.org,Male
Math101,Julieta,Fentem,jfenteml6@booking.com,Female
Math101,Dunn,Shulver,dshulverl7@toplist.cz,Male
Math101,Tabbie,Gadsden,tgadsdenl8@narod.ru,Male
Web Development,Krisha,Auty,kautyl9@phoca.cz,Male
Web Development,Keriann,Gorsse,kgorssela@wikimedia.org,Female
Databases,Hortensia,Sawart,hsawartlb@blogtalkradio.com,Female
Calculus,Douglas,Ickovits,dickovitslc@flickr.com,Male
Web Development,Nial,Speares,nspearesld@comcast.net,Male
Math101,Veriee,Bradnick,vbradnickle@wsj.com,Female
Math101,Ogdan,Moulds,omouldslf@timesonline.co.uk,Male
Databases,Ema,Pearson,epearsonlg@howstuffworks.com,Female
Math101,Maryanne,Foss,mfosslh@cmu.edu,Female
Databases,Sileas,Roddan,sroddanli@simplemachines.org,Female
Databases,Lemuel,Insley,linsleylj@blogs.com,Polygender
Databases,Joyce,Hallitt,jhallittlk@examiner.com,Female
Calculus,Rene,Tott,rtottll@redcross.org,Male
Math101,Halimeda,MacKibbon,hmackibbonlm@ow.ly,Female
Web Development,Brandyn,Attwater,battwaterln@51.la,Male
Web Development,Darla,Newborn,dnewbornlo@cnn.com,Female
Calculus,Angie,Coleby,acolebylp@va.gov,Male
Web Development,Thia,Sawney,tsawneylq@freewebs.com,Female
Math101,Dyan,Cordner,dcordnerlr@adobe.com,Non-binary
Calculus,Ashton,Gardiner,agardinerls@eventbrite.com,Male
Calculus,Tymon,Crannis,tcrannislt@acquirethisname.com,Non-binary
Math101,Rees,Shyres,rshyreslu@de.vu,Male
Web Development,Idelle,Dixcee,idixceelv@digg.com,Female
Math101,Dallon,Obington,dobingtonlw@google.co.jp,Male
Databases,Enrichetta,Beales,ebealeslx@mediafire.com,Female
Databases,Heath,Labuschagne,hlabuschagnely@cam.ac.uk,Male
Calculus,Budd,Scarman,bscarmanlz@cloudflare.com,Male
Databases,Kelsey,Sipson,ksipsonm0@moonfruit.com,Male
Math101,Kylie,Errichiello,kerrichiellom1@multiply.com,Male
Web Development,Betteanne,Peyto,bpeytom2@slideshare.net,Female
Databases,Dannie,D'Alessandro,ddalessandrom3@issuu.com,Male
Math101,Walden,Lyttle,wlyttlem4@friendfeed.com,Male
Web Development,Marshal,Clendinning,mclendinningm5@marketwatch.com,Genderfluid
Web Development,Rayna,Roxbrough,rroxbroughm6@yale.edu,Female
Web Development,Bruis,Grouse,bgrousem7@wisc.edu,Polygender
Web Development,Quinta,Luxmoore,qluxmoorem8@cdc.gov,Female
Calculus,Jonas,Chell,jchellm9@ameblo.jp,Male
Calculus,Eileen,Jaggli,ejagglima@people.com.cn,Female
Math101,Curran,Trengove,ctrengovemb@pinterest.com,Male
Calculus,Leonhard,Crush,lcrushmc@networkadvertising.org,Male
Math101,Sashenka,Domniney,sdomnineymd@networkadvertising.org,Non-binary
Math101,Silvan,Clendening,sclendeningme@geocities.com,Male
Web Development,Griff,Bazylets,gbazyletsmf@wunderground.com,Male
Math101,Tully,Zoephel,tzoephelmg@statcounter.com,Male
Databases,Meade,Manilo,mmanilomh@usgs.gov,Female
Web Development,Perrine,Colbridge,pcolbridgemi@xinhuanet.com,Female
Web Development,Kerwin,Capozzi,kcapozzimj@surveymonkey.com,Male
Web Development,Tome,Malin,tmalinmk@php.net,Male
Calculus,Audrye,Chippindale,achippindaleml@webeden.co.uk,Female
Databases,Artemis,MacLice,amaclicemm@google.co.uk,Male
Math101,Jdavie,Fomichyov,jfomichyovmn@github.io,Male
Calculus,Cyndy,Maciocia,cmaciociamo@cbc.ca,Female
Web Development,Lief,Micheu,lmicheump@ox.ac.uk,Male
Math101,Titos,Richie,trichiemq@marriott.com,Male
Web Development,Augustine,Bloxam,abloxammr@apple.com,Female
Math101,Elle,Wilson,ewilsonms@hud.gov,Female
Web Development,Olivie,Kayley,okayleymt@google.ca,Female
Calculus,Frieda,Kruger,fkrugermu@dailymail.co.uk,Female
Web Development,Britt,Hammell,bhammellmv@freewebs.com,Male
Databases,Shayne,Grout,sgroutmw@macromedia.com,Male
Web Development,Alasdair,Kalkofen,akalkofenmx@yellowpages.com,Male
Math101,Meara,Edlington,medlingtonmy@weibo.com,Female
Databases,Grier,Kerwin,gkerwinmz@sphinn.com,Female
Web Development,Arlen,Jarvie,ajarvien0@mlb.com,Male
Calculus,Ed,Gosz,egoszn1@theglobeandmail.com,Genderfluid
Calculus,Calypso,Boissier,cboissiern2@businessweek.com,Non-binary
Web Development,Trescha,Winkell,twinkelln3@eventbrite.com,Genderqueer
Calculus,Laraine,Esmonde,lesmonden4@wikimedia.org,Female
Databases,Rodrick,Delaprelle,rdelaprellen5@ihg.com,Male
Calculus,Hardy,Sayward,hsaywardn6@multiply.com,Male
Databases,Loretta,Sywell,lsywelln7@jiathis.com,Female
Web Development,Tresa,Cady,tcadyn8@mayoclinic.com,Female
Web Development,Gabe,Burris,gburrisn9@imageshack.us,Male
Math101,Gwendolin,Kornel,gkornelna@sfgate.com,Genderfluid
Math101,Michaeline,Suddards,msuddardsnb@skyrock.com,Female
Math101,Odey,Lumley,olumleync@blogger.com,Male
Calculus,Ransom,Durnall,rdurnallnd@wiley.com,Male
Web Development,Chrissy,Egginson,cegginsonne@privacy.gov.au,Female
Databases,Ryun,Gherardesci,rgherardescinf@ebay.co.uk,Male
Math101,Ritchie,Coulthurst,rcoulthurstng@cpanel.net,Male
Web Development,Gaultiero,Simoes,gsimoesnh@elpais.com,Male
Calculus,Georgette,Tassell,gtassellni@ehow.com,Female
Calculus,Sonia,Winch,swinchnj@ustream.tv,Female
Web Development,Thoma,Messam,tmessamnk@linkedin.com,Male
Web Development,Philipa,Bullers,pbullersnl@nature.com,Female
Databases,Brendan,Presdee,bpresdeenm@instagram.com,Bigender
Math101,Lonnard,Clausen-Thue,lclausenthuenn@hibu.com,Male
Math101,Bartlet,Osgardby,bosgardbyno@thetimes.co.uk,Male
Math101,Ferdinande,Brickhill,fbrickhillnp@guardian.co.uk,Female
Calculus,Consuela,Gwilliams,cgwilliamsnq@123-reg.co.uk,Female
Math101,Ninnette,Scocroft,nscocroftnr@narod.ru,Female
Calculus,Nickolai,McGraffin,nmcgraffinns@scientificamerican.com,Male
Calculus,Nolan,Hadfield,nhadfieldnt@stanford.edu,Polygender
Calculus,Trix,Winchurch,twinchurchnu@nih.gov,Female
Web Development,Meade,Whitsun,mwhitsunnv@netscape.com,Female
Databases,Galen,Mallock,gmallocknw@chicagotribune.com,Genderqueer
Web Development,Dill,Dufty,dduftynx@oakley.com,Male
Math101,Tades,Selway,tselwayny@accuweather.com,Male
Calculus,Thomas,McGroarty,tmcgroartynz@bbb.org,Male
Math101,Joela,Helin,jhelino0@ifeng.com,Female
Web Development,Lemmie,Lawden,llawdeno1@lulu.com,Male
Math101,Tannie,Saker,tsakero2@kickstarter.com,Male
Calculus,Francklyn,Edworthie,fedworthieo3@weebly.com,Male
Calculus,Washington,Iacomelli,wiacomellio4@addthis.com,Male
Calculus,Martin,Helleckas,mhelleckaso5@theatlantic.com,Male
Calculus,Sharline,Horrell,shorrello6@51.la,Female
Math101,Norbie,Thickpenny,nthickpennyo7@marriott.com,Male
Math101,Brantley,Runcie,bruncieo8@wikipedia.org,Male
Web Development,Ave,Mattusevich,amattusevicho9@vimeo.com,Male
Math101,Bruis,Viccary,bviccaryoa@123-reg.co.uk,Male
Math101,Douglas,Coupar,dcouparob@tinyurl.com,Male
Math101,Fleurette,Fowell,ffowelloc@nifty.com,Female
Web Development,Lezlie,Craufurd,lcraufurdod@army.mil,Female
Databases,Tana,Locket,tlocketoe@phpbb.com,Agender
Databases,Fannie,Plan,fplanof@163.com,Female
Databases,Deeanne,Shreenan,dshreenanog@over-blog.com,Female
Calculus,Kaiser,Varvell,kvarvelloh@ucla.edu,Male
Calculus,Costanza,Mousby,cmousbyoi@howstuffworks.com,Female
Calculus,Joaquin,Castells,jcastellsoj@amazon.co.jp,Male
Databases,Annamaria,Gosswell,agosswellok@posterous.com,Female
Calculus,Kelwin,Brimman,kbrimmanol@blogs.com,Male
Databases,Jaquenette,Tows,jtowsom@bravesites.com,Female
Calculus,Talyah,Wood,twoodon@nsw.gov.au,Agender
Web Development,Garfield,McGrudder,gmcgrudderoo@devhub.com,Genderqueer
Math101,Prudi,Lindmark,plindmarkop@dot.gov,Female
Databases,Jackelyn,Minigo,jminigooq@mashable.com,Female
Math101,Tobye,Joseland,tjoselandor@surveymonkey.com,Female
Calculus,Veronika,Danilchik,vdanilchikos@state.tx.us,Female
Math101,Julee,Gotthard.sf,jgotthardsfot@sogou.com,Female
Math101,Geoffrey,Meredyth,gmeredythou@unc.edu,Male
Calculus,Fabiano,Rouby,froubyov@blogspot.com,Male
Web Development,Gilburt,Kits,gkitsow@trellian.com,Male
Web Development,Christalle,Borkett,cborkettox@youtube.com,Female
Databases,Markos,Whissell,mwhisselloy@netscape.com,Male
Calculus,Prince,Bickerdyke,pbickerdykeoz@yahoo.com,Male
Databases,Zitella,Woodyear,zwoodyearp0@themeforest.net,Female
Calculus,Rubia,Redgrove,rredgrovep1@theguardian.com,Female
Calculus,Nikola,Bothie,nbothiep2@admin.ch,Male
Web Development,Inna,Sheircliffe,isheircliffep3@ox.ac.uk,Female
Math101,Issie,Nurdin,inurdinp4@blogs.com,Female
Databases,Shalne,Prettjohn,sprettjohnp5@theguardian.com,Female
Databases,Nels,Baxter,nbaxterp6@comcast.net,Male
Math101,Felizio,Cluely,fcluelyp7@ox.ac.uk,Male
Databases,Kirbee,Ebbers,kebbersp8@aboutads.info,Female
Web Development,Jessalin,Hussell,jhussellp9@shareasale.com,Female
Web Development,Kalina,Ramberg,krambergpa@jimdo.com,Female
Calculus,Gabrila,Patron,gpatronpb@xinhuanet.com,Female
Math101,Meredithe,Armall,marmallpc@chron.com,Female
Databases,Fayth,Lardner,flardnerpd@wufoo.com,Female
Math101,Florian,Fynn,ffynnpe@jiathis.com,Male
Databases,Vergil,Lowmass,vlowmasspf@constantcontact.com,Male
Math101,Gregorius,Skelbeck,gskelbeckpg@eventbrite.com,Male
Web Development,Nathalie,Donovan,ndonovanph@disqus.com,Female
Math101,Glen,Melross,gmelrosspi@dailymotion.com,Female
Math101,Zechariah,Stains,zstainspj@istockphoto.com,Male
Databases,Elizabeth,Conroy,econroypk@technorati.com,Female
Web Development,Aloysia,Maginot,amaginotpl@myspace.com,Female
Math101,Byrle,Winters,bwinterspm@fema.gov,Male
Databases,Gwynne,Feakins,gfeakinspn@nymag.com,Female
Math101,Ryun,Utton,ruttonpo@europa.eu,Male
Math101,Caitlin,Ambrois,cambroispp@hc360.com,Agender
Web Development,Tillie,Feldklein,tfeldkleinpq@fotki.com,Female
Web Development,Sandro,Moan,smoanpr@de.vu,Male
Calculus,Kate,Wilkowski,kwilkowskips@meetup.com,Female
Databases,Jobina,Hardwich,jhardwichpt@themeforest.net,Female
Math101,Christina,Meineken,cmeinekenpu@pcworld.com,Female
Calculus,Edouard,Kiwitz,ekiwitzpv@booking.com,Genderfluid
Calculus,Gayelord,Hyndman,ghyndmanpw@admin.ch,Male
Web Development,Rawley,Brevitt,rbrevittpx@webmd.com,Male
Web Development,Herbie,Dorrian,hdorrianpy@de.vu,Male
Calculus,Felipa,Ashcroft,fashcroftpz@wired.com,Female
Calculus,Bay,Careless,bcarelessq0@webs.com,Male
Math101,Cahra,Caiger,ccaigerq1@chicagotribune.com,Female
Web Development,Beverley,Baccas,bbaccasq2@cnn.com,Female
Math101,Noel,Tiptaft,ntiptaftq3@paypal.com,Male
Databases,Lorin,Marages,lmaragesq4@wp.com,Male
Calculus,Cory,Glabach,cglabachq5@addtoany.com,Female
Math101,Donella,Fairholm,dfairholmq6@diigo.com,Female
Math101,Gisela,Tourle,gtourleq7@yahoo.com,Female
Web Development,Valaria,Archibould,varchibouldq8@cnbc.com,Non-binary
Web Development,Moore,Morcomb,mmorcombq9@cpanel.net,Male
Databases,Patrick,Monan,pmonanqa@unicef.org,Male
Databases,Corry,Pickering,cpickeringqb@sina.com.cn,Female
Web Development,Sebastiano,Surgener,ssurgenerqc@xinhuanet.com,Male
Web Development,Jesse,McGowan,jmcgowanqd@amazon.co.uk,Male
Databases,Claudina,Abriani,cabrianiqe@un.org,Female
Math101,Lelah,Finders,lfindersqf@elpais.com,Female
Calculus,Ollie,Lomath,olomathqg@nydailynews.com,Female
Databases,Ilario,Hinrich,ihinrichqh@theguardian.com,Male
Calculus,Emelia,Ferri,eferriqi@photobucket.com,Female
Calculus,Ward,Copyn,wcopynqj@sohu.com,Male
Web Development,Joshuah,Bakesef,jbakesefqk@examiner.com,Male
Web Development,Michele,Giraudot,mgiraudotql@accuweather.com,Female
Databases,Melina,Smithson,msmithsonqm@cloudflare.com,Female
Math101,Agnesse,Ridsdell,aridsdellqn@facebook.com,Female
Calculus,Nels,Reubens,nreubensqo@facebook.com,Male
Web Development,Evey,Ruslen,eruslenqp@jimdo.com,Female
Calculus,Jakob,Syalvester,jsyalvesterqq@msu.edu,Male
Calculus,Hubey,Rowling,hrowlingqr@unesco.org,Male
Calculus,Casi,Turl,cturlqs@ifeng.com,Female
Calculus,Leanor,Hymers,lhymersqt@nifty.com,Female
Web Development,Cloe,Tomblett,ctomblettqu@reference.com,Female
Databases,Wiley,di Rocca,wdiroccaqv@google.com.hk,Male
Databases,Alfredo,Draysay,adraysayqw@linkedin.com,Male
Calculus,Stefanie,Dubble,sdubbleqx@mayoclinic.com,Female
Databases,Betteanne,Dakin,bdakinqy@blinklist.com,Female
Calculus,Gideon,Larmour,glarmourqz@newsvine.com,Male
Databases,Catharine,Johantges,cjohantgesr0@about.me,Female
Databases,Marco,Bellam,mbellamr1@mashable.com,Male
Calculus,Vincent,Foro,vforor2@blinklist.com,Male
Math101,Clifford,Boarer,cboarerr3@webmd.com,Genderfluid
Math101,Letizia,Tapin,ltapinr4@flickr.com,Female
Calculus,Nelle,Dumphy,ndumphyr5@fastcompany.com,Agender
Calculus,Eddi,Rubinlicht,erubinlichtr6@posterous.com,Female
Web Development,Rea,L'Episcopi,rlepiscopir7@sphinn.com,Female
Math101,Matthus,Aldersey,malderseyr8@mayoclinic.com,Male
Calculus,Dannel,Quarry,dquarryr9@webnode.com,Male
Calculus,Evie,Fordy,efordyra@aol.com,Female
Databases,Micah,Catherick,mcatherickrb@msn.com,Male
Math101,Ida,McCurlye,imccurlyerc@google.com,Female
Calculus,Maryanna,Maharey,mmahareyrd@irs.gov,Female
Databases,Nicolette,Demead,ndemeadre@canalblog.com,Female
Databases,Pattie,Motion,pmotionrf@amazon.co.jp,Female
Calculus,Hughie,Stocky,hstockyrg@discovery.com,Male
Web Development,Pearl,Mees,pmeesrh@scientificamerican.com,Female
Databases,Roch,Neads,rneadsri@usa.gov,Female
Web Development,Silas,Thebeau,sthebeaurj@gmpg.org,Male
Math101,Ros,Widdowes,rwiddowesrk@reverbnation.com,Female
Databases,Dayle,Ballchin,dballchinrl@narod.ru,Female
Math101,Fidole,Matyasik,fmatyasikrm@smugmug.com,Male
Calculus,Kathye,Babidge,kbabidgern@yellowpages.com,Female
Math101,Danika,Zannotelli,dzannotelliro@yellowbook.com,Female
Math101,Haley,Fairbridge,hfairbridgerp@dion.ne.jp,Female
Web Development,Fairfax,Golsby,fgolsbyrq@fda.gov,Male
Math101,Christophorus,Whetson,cwhetsonrr@merriam-webster.com,Bigender
